来源,所属区域,文章标题,发布日期,详情链接,抓取日期
SolarQuarter,全球/其他,ScottishPower Secures £600 Million From The National Wealth Fund To Advance The Eastern Green Link 4 Subsea Project Through Parent Company Iberdrola,2026-03-26,https://solarquarter.com/2026/03/26/scottishpower-secures-600-million-from-the-national-wealth-fund-to-advance-the-eastern-green-link-4-subsea-project-through-parent-company-iberdrola/,2026-03-27
SolarQuarter,全球/其他,Energy Storage Safety Elevated: Sungrow & TÜV Rheinland White Paper Unveiled,2026-03-26,https://solarquarter.com/2026/03/26/energy-storage-safety-elevated-sungrow-tuv-rheinland-white-paper-unveiled/,2026-03-27
SolarQuarter,东亚,Recharge Power Secures 20 MW Energy Storage Deal to Expand Presence in Japan,2026-03-26,https://solarquarter.com/2026/03/26/recharge-power-secures-20-mw-energy-storage-deal-to-expand-presence-in-japan/,2026-03-27
SolarQuarter,跨区域,Sungrow Signs Landmark 1 GWh Energy Storage Agreement With Romania’s ENEVO Group,2026-03-26,https://solarquarter.com/2026/03/26/sungrow-signs-landmark-1-gwh-energy-storage-agreement-with-romanias-enevo-group/,2026-03-27
SolarQuarter,东亚,JR Kyushu And Daiwa Energy Partner To Develop 6.7 MW Solar Project In Japan,2026-03-26,https://solarquarter.com/2026/03/26/jr-kyushu-and-daiwa-energy-partner-to-develop-6-7-mw-solar-project-in-japan/,2026-03-27
SolarQuarter,西欧,Iberdrola Sells Its UK Metering Subsidiary SP Dataserve Through ScottishPower As Part Of Its Portfolio Streamlining Strategy,2026-03-26,https://solarquarter.com/2026/03/26/iberdrola-sells-its-uk-metering-subsidiary-sp-dataserve-through-scottishpower-as-part-of-its-portfolio-streamlining-strategy/,2026-03-27
SolarQuarter,东南亚,Founder Group Secures $8.6 Million Solar EPCC Contract Under Malaysia’s LSS Programme,2026-03-26,https://solarquarter.com/2026/03/26/founder-group-secures-8-6-million-solar-epcc-contract-under-malaysias-lss-programme/,2026-03-27
SolarQuarter,全球/其他,Huasun And Aiko Secure 2.5 GW Solar Orders Across Asia And Europe,2026-03-26,https://solarquarter.com/2026/03/26/huasun-and-aiko-secure-2-5-gw-solar-orders-across-asia-and-europe/,2026-03-27
SolarQuarter,全球/其他,Sungrow Showcases Integrated Solar And Storage Technologies At Solar & Storage Live Johannesburg To Support Africa’s Evolving Energy Needs,2026-03-26,https://solarquarter.com/2026/03/26/sungrow-showcases-integrated-solar-and-storage-technologies-at-solar-storage-live-johannesburg-to-support-africas-evolving-energy-needs/,2026-03-27
SolarQuarter,非洲南部,South Africa Targets End Of Load Reduction Power Cuts By 2026,2026-03-26,https://solarquarter.com/2026/03/26/south-africa-targets-end-of-load-reduction-power-cuts-by-2026/,2026-03-27
SolarQuarter,全球/其他,"In An Interview With ElEconomista, Ignacio S. Galán Says Geopolitical And Energy Crisis Has Limited Impact On Iberdrola",2026-03-26,https://solarquarter.com/2026/03/26/in-an-interview-with-eleconomista-ignacio-s-galan-says-geopolitical-and-energy-crisis-has-limited-impact-on-iberdrola/,2026-03-27
SolarQuarter,全球/其他,Trinasolar Presents Smart Energy Solutions and Project Milestones at Solar & Storage Live Africa,2026-03-26,https://solarquarter.com/2026/03/26/trinasolar-presents-smart-energy-solutions-and-project-milestones-at-solar-storage-live-africa/,2026-03-27
SolarQuarter,全球/其他,Zelestra Secures $600 Million In Green Financing To Advance 440 MW Solar Portfolio In Texas,2026-03-26,https://solarquarter.com/2026/03/26/zelestra-secures-600-million-in-green-financing-to-advance-440-mw-solar-portfolio-in-texas/,2026-03-27
SolarQuarter,非洲南部,South Africa Needs R250 Billion Investment To Tackle Rising Climate Risks,2026-03-26,https://solarquarter.com/2026/03/26/south-africa-needs-r250-billion-investment-to-tackle-rising-climate-risks/,2026-03-27
SolarQuarter,全球/其他,"Iberdrola Posts Record €10.41 Billion Global Tax Contribution In 2025, Its Highest Ever",2026-03-26,https://solarquarter.com/2026/03/26/iberdrola-posts-record-e10-41-billion-global-tax-contribution-in-2025-its-highest-ever/,2026-03-27
SolarQuarter,全球/其他,IFC Backs IPT Powertech With $45 Million To Green Telecom Infrastructure Across Africa,2026-03-26,https://solarquarter.com/2026/03/26/ifc-backs-ipt-powertech-with-45-million-to-green-telecom-infrastructure-across-africa/,2026-03-27
SolarQuarter,大洋洲,Trinasolar Powers Australia’s First Nike Swoosh Shaped PV Installation,2026-03-26,https://solarquarter.com/2026/03/26/trinasolar-powers-australias-first-nike-swoosh-shaped-pv-installation/,2026-03-27
SolarQuarter,全球/其他,"AMIPS to Acquire L&T Technology Services’ SWC Business, Advancing Clean Energy-Powered AI Infrastructure and Sovereign Digital Systems",2026-03-26,https://solarquarter.com/2026/03/26/amips-to-acquire-lt-technology-services-swc-business-advancing-clean-energy-powered-ai-infrastructure-and-sovereign-digital-systems/,2026-03-27
SolarQuarter,全球/其他,HYXI Showcases Localized Residential and C&I Energy Storage Solutions at Solar & Storage Live Africa 2026,2026-03-26,https://solarquarter.com/2026/03/26/hyxi-showcases-localized-residential-and-ci-energy-storage-solutions-at-solar-storage-live-africa-2026/,2026-03-27
SolarQuarter,全球/其他,MECON Invites Bids For Green Hydrogen Pilot Projects In Steel Sector Under National Mission,2026-03-26,https://solarquarter.com/2026/03/26/mecon-invites-bids-for-green-hydrogen-pilot-projects-in-steel-sector-under-national-mission/,2026-03-27
SolarQuarter,南亚,"India’s 2026 Solar Outlook: Smarter Solar, Bigger Savings With Growatt’s Solutions",2026-03-26,https://solarquarter.com/2026/03/26/indias-2026-solar-outlook-smarter-solar-bigger-savings-with-growatts-solutions/,2026-03-27
SolarQuarter,南亚,Exide Industries Infuses ₹450 Crore Into EESL To Boost Lithium-Ion Battery Manufacturing In India,2026-03-26,https://solarquarter.com/2026/03/26/exide-industries-infuses-%e2%82%b9450-crore-into-eesl-to-boost-lithium-ion-battery-manufacturing-in-india/,2026-03-27
SolarQuarter,大洋洲,More Than Powering Today: Shaping Australia’s PV & ESS Future,2026-03-26,https://solarquarter.com/2026/03/26/more-than-powering-today-shaping-australias-pv-ess-future/,2026-03-27
SolarQuarter,南亚,CERC Amends REC Regulations To Boost Renewable Compliance And Introduce VPPA Framework In India,2026-03-26,https://solarquarter.com/2026/03/26/cerc-amends-rec-regulations-to-boost-renewable-compliance-and-introduce-vppa-framework-in-india/,2026-03-27
SolarQuarter,全球/其他,"MNRE Launches Green Hydrogen Skilling Initiative To Train 600,000 Workforce By 2030",2026-03-26,https://solarquarter.com/2026/03/26/mnre-launches-green-hydrogen-skilling-initiative-to-train-600000-workforce-by-2030-2/,2026-03-27
SolarQuarter,全球/其他,"CII, APPCB Promote GreenCo & IGBC Adoption in Andhra Pradesh to Build Sustainable Industrial Ecosystems",2026-03-26,https://solarquarter.com/2026/03/26/cii-appcb-promote-greenco-igbc-adoption-in-andhra-pradesh-to-build-sustainable-industrial-ecosystems/,2026-03-27
SolarQuarter,跨区域,"Southeast Asia Power Markets Remain Stable Amid Middle East Crisis, but Energy Security Takes Centre Stage",2026-03-26,https://solarquarter.com/2026/03/26/southeast-asia-power-markets-remain-stable-amid-middle-east-crisis-but-energy-security-takes-centre-stage/,2026-03-27
SolarQuarter,全球/其他,Oriana Power Secures ₹162.68 Crore Solar EPC Orders With BESS Integration In Rajasthan,2026-03-26,https://solarquarter.com/2026/03/26/oriana-power-secures-%e2%82%b9162-68-crore-solar-epc-orders-with-bess-integration-in-rajasthan/,2026-03-27
SolarQuarter,全球/其他,ERC Suspends WESM Operations Nationwide Amid Global Energy Crisis,2026-03-26,https://solarquarter.com/2026/03/26/erc-suspends-wesm-operations-nationwide-amid-global-energy-crisis/,2026-03-27
SolarQuarter,全球/其他,REC Limited Approves ₹1.6 Lakh Crore Borrowing Plan For FY27 To Strengthen Growth And Liquidity,2026-03-26,https://solarquarter.com/2026/03/26/rec-limited-approves-%e2%82%b91-6-lakh-crore-borrowing-plan-for-fy27-to-strengthen-growth-and-liquidity/,2026-03-27
SolarQuarter,南亚,SECI Explores Solar Collaboration with Bhutan to Support 5 GW Target by 2040,2026-03-26,https://solarquarter.com/2026/03/26/seci-explores-solar-collaboration-with-bhutan-to-support-5-gw-target-by-2040/,2026-03-27
SolarQuarter,全球/其他,KPI Green Energy Accelerates IPP Growth With 965 MWp Energized Capacity And Expanding Renewable Portfolio,2026-03-26,https://solarquarter.com/2026/03/26/kpi-green-energy-accelerates-ipp-growth-with-965-mwp-energized-capacity-and-expanding-renewable-portfolio/,2026-03-27
SolarQuarter,全球/其他,SJVN Secures CERC Approval for ₹3.19 Tariff in 1200 MW Wind-Solar Hybrid Projects,2026-03-26,https://solarquarter.com/2026/03/26/sjvn-secures-cerc-approval-for-%e2%82%b93-19-tariff-in-1200-mw-wind-solar-hybrid-projects/,2026-03-27
SolarQuarter,全球/其他,CERC Finalizes DVC Transmission Tariffs For 2019-24 True-Up And 2024-29 Period,2026-03-26,https://solarquarter.com/2026/03/26/cerc-finalizes-dvc-transmission-tariffs-for-2019-24-true-up-and-2024-29-period/,2026-03-27
SolarQuarter,全球/其他,Jinko Solar Reaches New Milestone with 400GW of Module Shipments,2026-03-26,https://solarquarter.com/2026/03/26/jinko-solar-reaches-new-milestone-with-400gw-of-module-shipments/,2026-03-27
SolarQuarter,全球/其他,Blueleaf Energy Commissions 300 MWp Pachora Hybrid Power Project in Madhya Pradesh,2026-03-26,https://solarquarter.com/2026/03/26/blueleaf-energy-commissions-300-mwp-pachora-hybrid-power-project-in-madhya-pradesh/,2026-03-27
SolarQuarter,南亚,"CERC Approves 2,000 MW Solar Plus Storage Project To Strengthen India’s Power Reliability",2026-03-26,https://solarquarter.com/2026/03/26/cerc-approves-2000-mw-solar-plus-storage-project-to-strengthen-indias-power-reliability/,2026-03-27
SolarQuarter,全球/其他,CCI Approves BlackRock-Backed GIP EM Star’s Investment in Aditya Birla Renewables,2026-03-26,https://solarquarter.com/2026/03/26/cci-approves-blackrock-backed-gip-em-stars-investment-in-aditya-birla-renewables/,2026-03-27
SolarQuarter,全球/其他,CERC Approves Competitive Tariffs For 1.2 GW Solar Projects With Energy Storage Integration,2026-03-26,https://solarquarter.com/2026/03/26/cerc-approves-competitive-tariffs-for-1-2-gw-solar-projects-with-energy-storage-integration/,2026-03-27
SolarQuarter,南亚,"Green Hydrogen: India Commissions 8,000 TPA Capacity under National Green Hydrogen Mission",2026-03-26,https://solarquarter.com/2026/03/26/green-hydrogen-india-commissions-8000-tpa-capacity-under-national-green-hydrogen-mission/,2026-03-27
SolarQuarter,全球/其他,PM Surya Ghar Yojana Boosts Energy Transition with 9.56 GW Rooftop Solar Installed by March 2026,2026-03-26,https://solarquarter.com/2026/03/26/pm-surya-ghar-yojana-boosts-energy-transition-with-9-56-gw-rooftop-solar-installed-by-march-2026/,2026-03-27
SolarQuarter,西非,NeuEN Green Energy Wins 10 KTPA Green Hydrogen Supply Deal with Numaligarh Refinery,2026-03-26,https://solarquarter.com/2026/03/26/neuen-green-energy-wins-10-ktpa-green-hydrogen-supply-deal-with-numaligarh-refinery/,2026-03-27
SolarQuarter,全球/其他,IESA and Industry Leaders Call on Government to Bridge 60 GWh Domestic Cell Manufacturing Gap,2026-03-26,https://solarquarter.com/2026/03/26/iesa-and-industry-leaders-call-on-government-to-bridge-60-gwh-domestic-cell-manufacturing-gap/,2026-03-27
SolarQuarter,全球/其他,Renewable Energy Finance: IREDA Declares ₹0.60 Interim Dividend for FY 2025–26,2026-03-26,https://solarquarter.com/2026/03/26/renewable-energy-finance-ireda-declares-%e2%82%b90-60-interim-dividend-for-fy-2025-26/,2026-03-27
Electrive,全球/其他,Fastned CFO Victor van Dijk becomes VP of Strategy,2026-03-26,https://www.electrive.com/2026/03/26/fastned-cfo-victor-van-dijk-becomes-vp-of-strategy/,2026-03-27
Electrive,西欧,Transport for Wales opens EV planning tool to local authorities,2026-03-26,https://www.electrive.com/2026/03/26/transport-for-wales-opens-ev-planning-tool-to-local-authorities/,2026-03-27
Electrive,全球/其他,Draft AFIR law proposes heavy fines for incomplete pricing information,2026-03-26,https://www.electrive.com/2026/03/26/draft-afir-law-proposes-heavy-fines-for-incomplete-pricing-information/,2026-03-27
PowerTechnology,南亚,Blueleaf Energy launches 300MWp Pachora project in India,2026-03-26,https://www.power-technology.com/news/blueleaf-energy-launches-pachora-project-india/,2026-03-27
PowerTechnology,全球/其他,GridMarket to secure 5GW of zero-emission power from Arbor Energy,2026-03-26,https://www.power-technology.com/news/gridmarket-to-secure-power-arbor-energy/,2026-03-27
PowerTechnology,全球/其他,Zelestra obtains $600m in financing for Texas solar projects,2026-03-26,https://www.power-technology.com/news/zelestra-financing-texas-solar-projects/,2026-03-27
PowerTechnology,全球/其他,"Brookfield, La Caisse to buy Boralex in $6.5bn deal",2026-03-26,https://www.power-technology.com/news/brookfield-la-caisse-to-buy-boralex/,2026-03-27
EnergyStorageNews,全球/其他,esVolta secures US$140 million financing for 300MWh Texas battery storage project,2026-03-26,https://www.energy-storage.news/esvolta-secures-us140-million-financing-for-300mwh-texas-battery-storage-project/,2026-03-27
EnergyStorageNews,东亚,Bluetti owner PowerOak files for Hong Kong IPO: the fourth major player in global portable energy storage,2026-03-26,https://www.energy-storage.news/poweroak-files-for-hong-kong-ipo-the-fourth-major-player-in-global-portable-energy-storage/,2026-03-27
EnergyStorageNews,大洋洲,Australia’s Transgrid shortlists 2GW of grid battery storage to replace coal’s system strength in NSW,2026-03-26,https://www.energy-storage.news/australias-transgrid-shortlists-2gw-of-grid-battery-storage-to-replace-coals-system-strength-in-nsw/,2026-03-27
EnergyStorageNews,大洋洲,New Zealand port demonstrates battery storage potential amid complex tariff landscape,2026-03-26,https://www.energy-storage.news/new-zealand-port-demonstrates-battery-storage-potential-amid-complex-tariff-landscape/,2026-03-27
PVMagazine,西欧,Germany classifies cybersecurity threats for energy infrastructure,2026-03-26,https://www.pv-magazine.com/2026/03/26/germany-classifies-cybersecurity-threats-for-energy-infrastructure/,2026-03-27
PVMagazine,西欧,Austria deploys 1.63 GW of solar in 2025,2026-03-26,https://www.pv-magazine.com/2026/03/26/austria-deploys-1-63-gw-of-solar-in-2025/,2026-03-27
PVMagazine,全球/其他,German pilot shows 700 EVs can provide redispatch services,2026-03-26,https://www.pv-magazine.com/2026/03/26/german-pilot-shows-700-evs-can-provide-redispatch-services/,2026-03-27
PVMagazine,全球/其他,Hysolar moves to take control of Suntech,2026-03-26,https://www.pv-magazine.com/2026/03/26/hysolar-moves-to-take-control-of-suntech/,2026-03-27
PVMagazine,全球/其他,Agrivoltaics for turnips,2026-03-26,https://www.pv-magazine.com/2026/03/26/agrivoltaics-for-turnips/,2026-03-27
PVMagazine,西欧,UK solar deployment hits 22 GW as more large projects commissioned,2026-03-26,https://www.pv-magazine.com/2026/03/26/uk-solar-deployment-hits-22-gw-as-more-large-projects-commissioned/,2026-03-27
PVMagazine,南欧,"Croatia to invest €40 million in household solar, batteries, heat pumps",2026-03-26,https://www.pv-magazine.com/2026/03/26/croatia-to-invest-e40-million-in-household-solar-batteries-heat-pumps/,2026-03-27
PVMagazine,全球/其他,SMA Solar Technology confirms wider loss for 2025 on weak PV market,2026-03-26,https://www.pv-magazine.com/2026/03/26/sma-solar-technology-confirms-wider-loss-for-2025-on-weak-pv-market/,2026-03-27
PVMagazine,全球/其他,Energy transitions continue to produce spillover effects despite geopolitical tensions,2026-03-26,https://www.pv-magazine.com/2026/03/26/energy-transitions-continue-to-produce-spillover-effects-despite-geopolitical-tensions/,2026-03-27
PVMagazine,全球/其他,JinkoSolar achieves 32.76% efficiency in perovskite-TOPCon tandem solar cell,2026-03-26,https://www.pv-magazine.com/2026/03/26/jinkosolar-achieves-32-76-efficiency-in-perovskite-topcon-tandem-solar-cell/,2026-03-27
PVMagazine,大洋洲,"Ultra-low-cost solar could enable 2,000 GW market in Australia",2026-03-26,https://www.pv-magazine.com/2026/03/26/ultra-low-cost-solar-could-enable-2000-gw-market-in-australia/,2026-03-27
PVMagazine,全球/其他,Who are the Top 100 PV manufacturers today?,2026-03-26,https://www.pv-magazine.com/2026/03/26/who-are-the-top-100-pv-manufacturers-today/,2026-03-27
PVMagazine,全球/其他,Solar sheep grazing delivers margins up to 40% in new study,2026-03-26,https://www.pv-magazine.com/2026/03/26/solar-sheep-grazing-delivers-margins-up-to-40-in-new-study/,2026-03-27
PVMagazine,全球/其他,Nulite launches PV-driven residential heat pump,2026-03-26,https://www.pv-magazine.com/2026/03/26/nulite-launches-pv-driven-residential-heat-pump/,2026-03-27
PVTech,拉丁美洲,Qair secures solar PV PPA at 192MW Brazilian plant,2026-03-26,https://www.pv-tech.org/qair-secures-solar-pv-ppa-at-192mw-brazilian-plant/,2026-03-27
PVTech,全球/其他,SMA Solar losses exceed US$75 million in 2025,2026-03-26,https://www.pv-tech.org/sma-solar-losses-exceed-us75-million-2025/,2026-03-27
PVTech,全球/其他,70% of solar PV factories show ‘major’ defects – Intertek CEA,2026-03-26,https://www.pv-tech.org/70-of-solar-pv-factories-show-major-defects-intertek-cea/,2026-03-27
PVTech,全球/其他,Brookfield expands renewables portfolio with Boralex acquisition,2026-03-26,https://www.pv-tech.org/brookfield-expands-renewables-portfolio-with-boralex-acquisition/,2026-03-27
PVTech,全球/其他,"Sonnedix acquires 194MW Italian solar PV portfolio from EOS, Capital Dynamics",2026-03-26,https://www.pv-tech.org/sonnedix-acquires-194mw-italian-solar-pv-portfolio-eos-capital-dynamics/,2026-03-27
PVTech,大洋洲,CSIRO’s thermal-sensing robots detect solar module faults in landmark Australian trial,2026-03-26,https://www.pv-tech.org/csiros-thermal-sensing-robots-detect-solar-module-faults-in-landmark-australian-trial/,2026-03-27
EnergyCapitalPow,非洲南部,Angola Returns to Eurobond Markets as Rising Oil Prices Strengthen its Upper-Hand,2026-03-26,https://energycapitalpower.com/angola-returns-to-eurobond-markets-as-rising-oil-prices-strengthen-its-upper-hand/,2026-03-27
EnergyCapitalPow,西非,PIA Creates Investor-Friendly Climate as Nigeria Chases $60B Gas Investment Target,2026-03-26,https://energycapitalpower.com/pia-creates-investor-friendly-climate-as-nigeria-chases-60b-gas-investment-target/,2026-03-27
EnergyCapitalPow,东非,IAEA Endorses Rwanda’s Nuclear Program as SMRs Target 70% National Power,2026-03-26,https://energycapitalpower.com/iaea-endorses-rwandas-nuclear-program-as-smrs-target-70-national-power/,2026-03-27
EnergyCapitalPow,非洲南部,Botswana’s $50B Reset: 186 Projects Aim to Counter Credit Downgrade Shock,2026-03-26,https://energycapitalpower.com/botswanas-50b-reset-186-projects-aim-to-counter-credit-downgrade-shock/,2026-03-27
EnergyCapitalPow,非洲南部,"Namibian GDP to Grow 3.1% Backed by Energy, Mining, Port Expansion",2026-03-26,https://energycapitalpower.com/namibian-gdp-to-grow-3-1-backed-by-energy-mining-port-expansion/,2026-03-27
EnergyCapitalPow,西非,Nigeria Advances Proposed Gas Pipeline to Europe in London Talks,2026-03-26,https://energycapitalpower.com/nigeria-advances-proposed-gas-pipeline-to-europe-in-london-talks/,2026-03-27
EnergyCapitalPow,全球/其他,"As Conflicts Disrupt Global Supply, European Nations Are Turning to Africa for Gas",2026-03-26,https://energycapitalpower.com/as-conflicts-disrupt-global-supply-european-nations-are-turning-to-africa-for-gas/,2026-03-27
RenewEconomy,全球/其他,“Self-erecting” wind turbine hits power milestone ahead of joining Fortescue Pilbara project,2026-03-26,https://reneweconomy.com.au/self-erecting-wind-turbine-hits-power-milestone-ahead-of-joining-fortescue-pilbara-project/?utm_source=rss&utm_medium=rss&utm_campaign=self-erecting-wind-turbine-hits-power-milestone-ahead-of-joining-fortescue-pilbara-project,2026-03-27
RenewEconomy,全球/其他,Another big battery prepares to power up as Sunshine state leads extraordinary charge to storage in 2026,2026-03-26,https://reneweconomy.com.au/another-big-battery-prepares-to-power-up-as-sunshine-state-leads-extraordinary-charge-to-storage-in-2026/?utm_source=rss&utm_medium=rss&utm_campaign=another-big-battery-prepares-to-power-up-as-sunshine-state-leads-extraordinary-charge-to-storage-in-2026,2026-03-27
RenewEconomy,全球/其他,"Fusion power plant possible by 2045 with massive effort, says science academy",2026-03-26,https://reneweconomy.com.au/fusion-power-plant-possible-by-2045-with-massive-effort-says-science-academy/?utm_source=rss&utm_medium=rss&utm_campaign=fusion-power-plant-possible-by-2045-with-massive-effort-says-science-academy,2026-03-27
MercomIndia,全球/其他,SECI Commissions First Project Under Green Hydrogen Mission,2026-03-26,https://www.mercomindia.com/seci-commissions-first-project-under-green-hydrogen-mission,2026-03-27
MercomIndia,全球/其他,Andhra Pradesh Retains Existing Power Tariffs for FY 2027,2026-03-26,https://www.mercomindia.com/andhra-pradesh-retains-existing-power-tariffs-for-fy-2027,2026-03-27
MercomIndia,全球/其他,CCI Approves BlackRock’s Subscription of ABREN’s Equity Shares,2026-03-26,https://www.mercomindia.com/cci-approves-blackrocks-subscription-of-abrens-equity-shares,2026-03-27
MercomIndia,全球/其他,Blueleaf Energy Commissions 300 MW Wind-Solar Hybrid Project,2026-03-26,https://www.mercomindia.com/blueleaf-energy-commissions-300-mw-wind-solar-hybrid-project,2026-03-27
MercomIndia,全球/其他,CERC Adopts Tariff of ₹3.19/kWh for SJVN’s 1.2 GW Wind-Solar Projects,2026-03-26,https://www.mercomindia.com/cerc-adopts-tariff-of-₹3-19-kwh-for-sjvns-1-2-gw-wind-solar-projects,2026-03-27
MercomIndia,全球/其他,Polyplex to Source Solar Energy from Solar Projects of CleanMax and Berkeley Energy,2026-03-26,https://www.mercomindia.com/polyplex-to-source-solar-energy-from-solar-projects-of-cleanmax-and-berkeley-energy,2026-03-27
MercomIndia,全球/其他,"Delhi Notifies Four-Year Additional Surcharge Phase-Out for GNA, Open Access",2026-03-26,https://www.mercomindia.com/delhi-notifies-four-year-additional-surcharge-phase-out-for-gna-open-access,2026-03-27
MercomIndia,全球/其他,CERC Notifies 2026 Amendment to REC Regulations Framework,2026-03-26,https://www.mercomindia.com/cerc-notifies-2026-amendment-to-rec-regulations-framework,2026-03-27
MercomIndia,全球/其他,RECPDCL Tenders Transmission System to Evacuate 20 GW of Renewable Energy,2026-03-26,https://www.mercomindia.com/recpdcl-tenders-transmission-system-to-evacuate-20-gw-of-renewable-energy,2026-03-27
MercomIndia,全球/其他,CERC Approves Tariffs for 1.2 GW of Wind-Solar Hybrid Projects,2026-03-26,https://www.mercomindia.com/cerc-approves-tariffs-for-1-2-gw-of-wind-solar-hybrid-projects,2026-03-27
EVInfrastructureNews_Archive,全球/其他,Delhi Shifts To Scrappage Led Ev Policy With Us 21 Million Push,2026-03-26,https://www.evinfrastructurenews.com/ev-policies/delhi-shifts-to-scrappage-led-ev-policy-with-us-21-million-push,2026-03-27
EVInfrastructureNews_Archive,全球/其他,Battery Electric Vehicles Increase Eu Market Share In 2026 To Date,2026-03-26,https://www.evinfrastructurenews.com/ev-networks/battery-electric-vehicles-increase-eu-market-share-in-2026-to-date,2026-03-27
EVInfrastructureNews_Archive,全球/其他,Visa Partners Paythru For Streamlined Fleet Charging Payments,2026-03-26,https://www.evinfrastructurenews.com/ev-fleet-charging/visa-partners-paythru-for-streamlined-fleet-charging-payments,2026-03-27
GNews_SouthAfrica,全球/其他,HYXI Showcases Localized Residential and C&I Energy Storage Solutions at Solar & Storage Live Africa 2026 - SolarQuarter,2026-03-26,https://news.google.com/rss/articles/CBMi1gFBVV95cUxPNVVudnFrX3FfbXJOX3VIQnRuLVNCcURKSVhlX0xyekVQeUxNRGstZEUyclBOU1lGczR3d0ZqSTZWekxmQVZnVGs3eTFSTWZRWTZaQWlLcE5lOHdEV3Eta0ZnbDVSUTVDZ3ZGRVhfTDIxOFhHR3Z1SmpsQnBPSV9EUjA4dE9sMzBSWnkxRUdHT25QdHlJX2NPbzZOSkVqLWMzM25vdUY1NHllM2JNLWl2S3hNd095ZEY2d1dLbDAwMGNLZ252R1YxVUlINXVWOFFPYlMzNi13?oc=5,2026-03-27
GNews_SouthAfrica,全球/其他,Sungrow Showcases Integrated Solar And Storage Technologies At Solar & Storage Live Johannesburg To Support Africa’s Evolving Energy Needs - SolarQuarter,2026-03-26,https://news.google.com/rss/articles/CBMiggJBVV95cUxOWVo3STZIMnExUktUT3dCMzJlYXo0NGd3ZVdHeXNMNW9hb1EyUWhrRUJ1cWlLbzQ2SlVjMGRmZzVpbU53bkk3anlfT3RJR1gyQVRTd09DbjZwSkNvaW8xLTc4MWJfOE8xLUFiU0tCRXhzcXBkcW9sdkUySWRsUFNqa04yZUJtTjhnbHRTQ05pN05jNk85d1RiQ2ZDUC1zRFM5UjhKR0tZMzZZWWdQeTZvLWFSMmhXTkxzMDZKZzl4RnhvZFJ2ZVJvY05PVFFWc2lJR1NfWTFQUC1Xb1lvLVlvZTBLNUdkblhZQmdjQVpyUjdNX3UxRVdiOTVoWlpISDNBTEE?oc=5,2026-03-27
GNews_StrategicEnergy,拉丁美洲,Brazil to host key seminar on energy regulation and tariff reform in Latin America - Strategic Energy Europe,2026-03-26,https://news.google.com/rss/articles/CBMirwFBVV95cUxQZWdJVkhpUGZLZlQ3Y0RhbERWNmJrdV9Jc1BRUUV1OXhtcF9kaldielo5aVljaUNVY1FkX1J2NFE2RzJhNHVQanJQWENSVUxrc0FvN1Q5c3NfQnZJSE1kTzhIOXZPbS13bF94NDE0NG03Nm9adzlXQUFCMnpFbURoZEsxMGlqOWFMcVBpRWZWcXd5eFF1UGdYNXk3Uk5hNTRyVzBEX0xOZWFtX1E5ek40?oc=5,2026-03-27
GNews_StrategicEnergy,全球/其他,How to handle energy cost management for IT leaders - TechTarget,2026-03-26,https://news.google.com/rss/articles/CBMiowFBVV95cUxNeXV2aDRjVTA3YU5SWGdkcG1FdTdwWFhVZVBab1RwT19HRGlCOVpPLUk3TnVTTkZrVnVwRDNieE1lSkk0WktKanpFMU9GYm1aU1JiNEYzdzFBcmZRbkVuZHBCejE3Si0tOVlkSjllWTF6ZmZyYWRMcEgyMHZmSUhDcHB1UDVFQmExOHVuVm9sVjNYWGNzZDlTWVZXeW0tekszMG00?oc=5,2026-03-27
GNews_StrategicEnergy,全球/其他,ENESTAR deploys Huawei BESS at Dominican retailer to optimise solar energy use - Strategic Energy Europe,2026-03-26,https://news.google.com/rss/articles/CBMiqgFBVV95cUxQY3pUNnVLVzAySGgtclV1SnhaZFJoLWxvazNwYnJSc1B6ckY5WERLY3RrMTJhWXhOMUx6RDViX2RGYmJFeTMyZUxGSjJhbGhOUWQ3RXBKZjB3Y240M2FWemJJN0doeTN1OFNRMVppR3dwQ2J0V3BKWERua3dPeXlWYjJLbmNwQ2EwOWVXeWVlWDBzWGk0OXZlQzM2VkJKQ3NsZmxBTXE2ZU9Ydw?oc=5,2026-03-27
GNews_StrategicEnergy,跨区域,India-Canada Energy Deal Could Shape Model for Global Clean Transition - INDIA New England News,2026-03-26,https://news.google.com/rss/articles/CBMioAFBVV95cUxPN0pzSVphSWl3dU5qSnplRTI5MWtDNDV2bjFTOEM4UnMxTjV0VnFoaUdPZHZTNTZlTU50d0JUSjhVbFQ4TUs3NVVTb3Jad1daQzlkWGl0U296MG1GVnh0VXZUMmJPUXpvWlI2RUM0MFUzX25SZWFIOXdhRlhpNjBrODZMNlFKQ3g5bUUzOThzLU9zcl9yZElyRkFYNDYzdXll?oc=5,2026-03-27
GNews_StrategicEnergy,北非及中东,Oman strengthens strategic energy partnership with EU amid global market disruptions - Oil & Gas Middle East,2026-03-26,https://news.google.com/rss/articles/CBMifEFVX3lxTE1jWHNsX3RPOEtWaUlTcldBYlpTUFpIaDdJTm0xSFc5cTh6b2Z0MTZ6bEd0VE12UXpEcnRyaDliUG9sclpRTjA0dHJWRkpHUExCd0h5X20wX0lYZXpZN3pCQzl4YTNLa1dXaTd4d2FDNTNvTTB0QTZORVFZd1c?oc=5,2026-03-27
GNews_StrategicEnergy,拉丁美洲,Renewable surge in Mexico: 38 GW compete for CFE’s new mixed model - Strategic Energy Europe,2026-03-26,https://news.google.com/rss/articles/CBMilwFBVV95cUxPWERkM3hWb2MzNjMxN3BkVFVzOFZpU1MtaXkwM2VSTjRmYlZVc2VqeExUYVUtLWJ1U3BCMzRmNmE4Sl9uNHcwSE9hYjZxVzllRXE0NGMzRkI3UnF4SDVsX1R0ZjlGXzR4WUNESFp0cWNMU0VRUnZqekhobTNzN1BUMGI3Z3FGVF9yeXlBMW1tak9OZGVhaGxz?oc=5,2026-03-27
GNews_StrategicEnergy,拉丁美洲,PCR targets Argentina’s 700 MW battery storage tender amid 500 MW renewables pipeline - Strategic Energy Europe,2026-03-26,https://news.google.com/rss/articles/CBMisgFBVV95cUxNd3VsaGZkWVFQTGZJY2JxNW16R3dPYWFwNkc4TTRrS3RsZThZckp4a09qTUxidzZOT2NmQ1pmX0ROZktfWnNpRnJYVklQMXdfMm53RDVxalhfdmNRNnBaT0JDTVBsYU1Rd00xYXVfWWhHTW5Lb1hfZzEybU5CZ2VDVnctdVhNRmh4RF9zbVBKUHE2OHlOM3BvV0Q3SGpScXVhNVJuRjRXeGJGUVVTbl9YdUh3?oc=5,2026-03-27
GNews_StrategicEnergy,全球/其他,PM Anwar To Announce Strategic Energy Crisis Measures At 6.30 Pm - bernama,2026-03-26,https://news.google.com/rss/articles/CBMidkFVX3lxTE9LMXJzTmVieUJ1aWhiTUhhUjQ1SlB3bnFNcC0zLURycFF0VHpPUDZQMmcxbGN3TmJ6QmVZbHM1NTdobE9iSG8wcVFwTE5qOU1uQXhhemNoQWNIYTBMUlJGNXQycjBXSXdpaUFNQUwwQWd3ekp1QXc?oc=5,2026-03-27
GNews_StrategicEnergy,中亚,Central Asia emerges as strategic energy player amid oil crisis - cna.al,2026-03-26,https://news.google.com/rss/articles/CBMirgFBVV95cUxQNmFJT0RTQ1JzNEhsUmxUMzRYM2lrNDNUVU5DaTBQV21aOTVmWXlJdzF0QlhxNHE5ZUt1Y0ZRZExBSlYtNG5nSmVEenh3djNDNmRUeVJiWm1pOS15cmhwOVQ0bUNpcEtwTXFvdklCRDZKWGJmdGM5aUVvWllNdVlVN3VsRWFlU1E1UGxFTUQ1TDgtT0E1SUZRUXlsMjZKNVhYaTZQcndLaENCWHNhc0E?oc=5,2026-03-27
GNews_StrategicEnergy,大洋洲,Australia’s East Coast Gas Reserve Strategy Amid Global Energy Crisis - Discovery Alert,2026-03-26,https://news.google.com/rss/articles/CBMigAFBVV95cUxOUDBSQjV2emNDSnNRQzJJWGktNUhIVzk4clJYbENmd1Btc1pRSlZFSnF5Q1NKZzZpU3YtVGFQa1lKQmNFRDM5TnJTUkNxTlVxRVBockFmMDd6Ym94bWhrQkl3ZUtGUUwzOHU2cUNGRGhQZ1c3d21mTUNVX3pZOEtfbg?oc=5,2026-03-27
GNews_StrategicEnergy,跨区域,India-Canada partnership can be model for clean energy transition - NewsGram,2026-03-26,https://news.google.com/rss/articles/CBMiqwFBVV95cUxPY05YQ1M2NGJ2amQ4cEhkdHljZ0lGOURhNkxrakh0TUVjTWhxcjJub1dBNjB1bHZpTkh3Q3JmaWdNR2E1cmpXQmRRSXkwR3h5V2cyckdGMDgwWTN1c2NZdTdxdjRQZW95T1dlX2lUeW8tQUI4ZGwzY0VhV0xVV3N3YVRfMWlyUUhDQk40czhCM0ZSVkRDcG50QzZEbHdnV0FlbjktR090STlaWTTSAbgBQVVfeXFMTm9VWG1seXNXS3M3S053ZnV4VGZjTGhXNkhuanc2MVFSVk1fNlhYUXNCNXNTTEgxaHctZ1d6OXQzZWZpdDQ1OTh3YmpTdVU0RnRLb3c5X0M2Yy1ld0JIemx4QkVObXF4N185TU45YzZBTk5HVFNCdXlJQ0tkX3liSEYzbFVYc0NOSnVwaFJJU0tBQ2d4Y05TU2pkcG9mVWpmVVhtbDgyaDlWSXNRMmlEeEpKXzg1VVdmTw?oc=5,2026-03-27
GNews_StrategicEnergy,全球/其他,Thacker Pass Lithium: US Energy Security Solution - Discovery Alert,2026-03-26,https://news.google.com/rss/articles/CBMiiwFBVV95cUxQcXk1X19HcEpmbzlMQmxBR1lxYkFVVjhSekZreHN6dWhobGx5c1dSNmxXN0RyUEJDUFFRR2lIT1BYLWljU1AyeHNwMVZzSzkxcnpnQi1NVUhIQldqbjJqaHh4Y3cwdUtfWG5kM0poZEdoRnhkR3luNFJ6dTc1NkV5cklDMVNjUWFIQUdR?oc=5,2026-03-27
GNews_StrategicEnergy,全球/其他,NSW Targets Fuel Distribution to Support Miners - Discovery Alert,2026-03-26,https://news.google.com/rss/articles/CBMimwFBVV95cUxOSTNpelJZVDQ5TkZBaFFEY2h4Mk9ValRjT3JFQjh5VVNiZFFrb3FWY2lWNmw5TU1RXzdpdmE2TW1tTUpab0o2NVd1NzYzMnRhNU9TTkM0RXFicWVVblBYNWFJTE5TRlZvVkUtWFFUZWt3enZRRTFWWk9pZXgyQ0VKVERQeXl0UXRURW12Qjc1ZTVCeFhIdVdxWjNDTQ?oc=5,2026-03-27
GNews_StrategicEnergy,跨区域,"India–Canada Energy Pact Signals Shift to Clean Infrastructure, Balancing LNG Transition - Sarkaritel.com",2026-03-26,https://news.google.com/rss/articles/CBMijAFBVV95cUxOdWJxazR5M2hNOFZyZUZTS1U0alUwSElkUlk1UkZra2w1ZG9LamlJSEk4TGUxX05QT3drUzl6WE5TNmZ4UGJSMnhIQVpEYWtpY0pra1Z4eWp4MG5JVVduTENNcUdoandkSkswb1pnT0F6TmpCcHNXaXg0Tk42RHNWWGJzWW5IcVh4VWJnNQ?oc=5,2026-03-27
GNews_StrategicEnergy,西非,DEL Energy launches with $10m Anergi backing as Nigeria's decentralised energy sector crosses $100m in funding - Nairametrics,2026-03-26,https://news.google.com/rss/articles/CBMi3AFBVV95cUxQOVpsbnJYMEdxb0VXM3FwbWlwYjdrWHJIaUp3V21POHV6eU1NWkxUQXQ0YWJ0MTdhM3lMVGRQb2pOcGhfSXpFZkR4bVpHRXFYWFRHZUZCcDBKZ1JnMnJzUi1sOFhmci1vMkRuVkNiVS12NVJWaXFhSGJ4akhPWE0zU3RNSWNHeGFHRGVNTFVkbUd2Q1VuUmZDdVd2VEI1Q3FvYzVDMTdlUkxYU3ZNeHAwQzRubVlkYU9TLWF4TW8zQXYzQktMbHpzYThONnVTUkZGOXowSS13cUF0MWN5?oc=5,2026-03-27
GNews_StrategicEnergy,北非及中东,Iran warns of attack on US supporting strategic oil islands - Laodong.vn,2026-03-26,https://news.google.com/rss/articles/CBMitAFBVV95cUxOWV9UdV9DYWF2elMySE9GQWgwRHY3cG1FYnFXaldMb2NRTmpXY1Z4MGFUX1BZbXhEZmtpY2p6WVJJaS13cmVVMmZTY0pSUGh2YmZZUmM1UTdpVlloZmJBV3BvdVMyVmsyMWxuSG93WkJmbjhOazl5c1ZPeWc3U2Z6ZUNsMVZPQ1ZFcl9QZGpnb0xqXzBTTWJHSWhqeUZQSHNwdHZ0SGJpeHAwXzQ0YzVxM1Z6aDU?oc=5,2026-03-27
RenewEconomy,全球/其他,Solar waste crisis: Federal Labor launches search for national recycling pilot administrator,2026-03-26,https://reneweconomy.com.au/solar-waste-crisis-federal-labor-launches-search-for-national-recycling-pilot-administrator/?utm_source=rss&utm_medium=rss&utm_campaign=solar-waste-crisis-federal-labor-launches-search-for-national-recycling-pilot-administrator,2026-03-28
RenewEconomy,大洋洲,"If not now, when? Global energy shock must be Australia’s fossil fuel reform moment",2026-03-26,https://reneweconomy.com.au/if-not-now-when-global-energy-shock-must-be-australias-fossil-fuel-reform-moment/?utm_source=rss&utm_medium=rss&utm_campaign=if-not-now-when-global-energy-shock-must-be-australias-fossil-fuel-reform-moment,2026-03-28
RenewEconomy,大洋洲,Fox ESS claims No.1 spot in Australia for energy storage installations,2026-03-26,https://reneweconomy.com.au/fox-ess-claims-no-1-spot-in-australia-for-energy-storage-installations/?utm_source=rss&utm_medium=rss&utm_campaign=fox-ess-claims-no-1-spot-in-australia-for-energy-storage-installations,2026-03-28
GNews_SouthAfrica,全球/其他,Scientists “Bottle the Sun” With Revolutionary Liquid Battery - scitechdaily.com,2026-03-26,https://news.google.com/rss/articles/CBMijgFBVV95cUxOR2l1d3Rqa2gtNzJRS3FqN1RRNklNMEFHRkd2OXNMb0k4c2tLUzMwQ2FVTnpaTVYydDlrZy1aLUF0bzlja2lSOUxLeV9HTW1vMHl5aXpOWnlEV2dlXzN5V3VVc3dxQ3VPeWRiSkQyZTNwa0xuY3FiRzExNkR1QUhOVzhsOHJTbTRRQng3MVNR?oc=5,2026-03-28
GNews_EastAfrica,跨区域,From Beijing to Nairobi: How China’s industrial shift powers Kenya’s green energy transition - hiiraan.com,2026-03-26,https://news.google.com/rss/articles/CBMi1AFBVV95cUxORmVXV0JXdml4cGpwWUMwV1hnUEg2SDVMX05HS2x5YndQUjJuY0JzUWlVTHlkWHA5Ump3Rks2ZjZWWEQzMDFURTMxX004STZDOW9TMW1hZjR1cW5HZ2VSQTZMY1c0SVEwbWtBQmtlQ0FkWk9DSEtxMzE5cGhzTHM3TDc4ZEtHN1B6aXFRUlZnal9fSE5uVlN2Zld2OG5tRThkOHBEbFJYNFlLbF9IaFNwcDQwclAtSGdINjIxTXU1VWN0SzhzS21mSGJDTGxvWlNlSUtkdQ?oc=5,2026-03-28
GNews_StrategicEnergy,北非及中东,The Iran War Is Reshaping Asia’s Energy Security Strategies - Council on Foreign Relations,2026-03-26,https://news.google.com/rss/articles/CBMikAFBVV95cUxNem1mWG9RX0pGMXdVemtvUjhiRDljcTdqYlh4TWtzUjZ0XzU5NXMzSnZ1ZWpvdnRxUWU1VnhuOUVwSElwRHVPUGZzUmtRR3N1akhJOUxXeUZkVUoyQUFvQnFhT2cxQWxlQksybEtNRHpHbFVPVHNpaTZGTjdaUDdKcGN0U0xYOThHa1lybEpDNUQ?oc=5,2026-03-28
GNews_StrategicEnergy,全球/其他,Strategic Energy Assets: The Unspoken Threat to Auditor Objectivity and Board Supervision - Bitget,2026-03-26,https://news.google.com/rss/articles/CBMiY0FVX3lxTFBRYTEyeXZLemE3WW4td081M3c0QXI0ZUFTOVFmR2dNZXdIemdQTDRsRTdXdHdfcVBVQWZiemRWeG1ER3BlcWlJSlBCbnpxczlId3JtbWg4U1Y5T2xncC1LZnBqRdIBY0FVX3lxTFBRYTEyeXZLemE3WW4td081M3c0QXI0ZUFTOVFmR2dNZXdIemdQTDRsRTdXdHdfcVBVQWZiemRWeG1ER3BlcWlJSlBCbnpxczlId3JtbWg4U1Y5T2xncC1LZnBqRQ?oc=5,2026-03-28
GNews_StrategicEnergy,全球/其他,Kosmos Energy: Strategic Moves and Market Reactions - timothysykes.com,2026-03-26,https://news.google.com/rss/articles/CBMigAFBVV95cUxQUXFQWm9jZERGSkVCUlAzMWxiM0dZUkFzQmExdWFic3RST3VsTmEyWkdrZkx0VFpFYlBZMEZvanZwdV9uVHkwaWIyY2QtMTFHQnZjN1dabnlwR1lZa1U5cE50SXhUcjNGaDdzVHdjY2VRbmZNV1U0ZkxrcWFWckFLUA?oc=5,2026-03-28
GNews_StrategicEnergy,全球/其他,PM Anwar To Announce Strategic Energy Crisis Measures At 6.30 Pm - bernama.com,2026-03-26,https://news.google.com/rss/articles/CBMiZEFVX3lxTE5KUHZtNHFoWWVUWTVwdFNueVNaR2NjSmpyc3EtdUpsT1p4NGRIT0ZLWnp4d1pPQThEaEk5ZWthQVFCNHZ1XzI5UGw4bGF5a2NaaW1lSEw0WXpyaFVJaUVpSGpXaU8?oc=5,2026-03-28
GNews_StrategicEnergy,全球/其他,PM Anwar To Announce Strategic Energy Crisis Measures At 6.30 Pm - bernama.com,2026-03-26,https://news.google.com/rss/articles/CBMiWkFVX3lxTE5nazFua0VoVjVmeFJ1REdtTlRMd01uMmU5bW9haEhnMTU5Q3FiVnlmeFYwWmI5clQ3Y2lkWGFTSVhDT20yUW9fX0ZJZExlaGFCc00zSkQyXzNEZw?oc=5,2026-03-28
GNews_StrategicEnergy,全球/其他,PM Anwar To Announce Strategic Energy Crisis Measures At 6.30 PM - bernama.com,2026-03-26,https://news.google.com/rss/articles/CBMiY0FVX3lxTFBnTndNNUg3QkV4Y00zY2VreEJVSC1KZmlZVnQ3VG9GYVJhMGVaSEpsbjlINC1QeldaT3JCRUJrUXE2clRRTjNFanpmUGx6TUVIbWdlQjNhN0o4LXNkUnNULUppaw?oc=5,2026-03-28
GNews_StrategicEnergy,全球/其他,PM Anwar To Announce Strategic Energy Crisis Measures At 6.30 PM - bernama.com,2026-03-26,https://news.google.com/rss/articles/CBMib0FVX3lxTE81b05BQjdsY3B6RmJQX1hBbGF2Vk5HLWFxSkMwQ2d6OHhBX3lBZmdKQ2U5MzB1VDh3cDdKMm5HXzdEQ25Xd1lzQVJzQVZDRVM4Mm1HVlU5a2pFbWs3MFBmbHdJaHJkQ0VrZVFjQm9TVQ?oc=5,2026-03-28
GNews_StrategicEnergy,全球/其他,Anwar to announce strategic energy crisis measures at 6.30pm - thestar.com.my,2026-03-26,https://news.google.com/rss/articles/CBMi3wFBVV95cUxNbGp6WVNhZUM3RFk1bzRTc2w5ek9aZll3ZUp4NURhNnN4ZnM5YnoyM3AtNS0xSFZVQ1JmWVdNLTduaE14YUJOTFV4a1NXRFJsb3I0NzZNbVI4VUV2WHcweHFyQklOOF9lQmMzWFhJd1VyY0xNVnd3aGJudjE0X2R2SGdqZG15VkYyalRmMFpQX0p6YlpOLW5hbTN6REZqY0JGMlpiZk5OWkwxT1hQOThhamliLW1HUGNUcDVRNjB2Y2J6MzlvQkRPQUxOTWZmT1Zyd3I0d3E4UjNzQnhrZFI4?oc=5,2026-03-28
GNews_StrategicEnergy,跨区域,India-Canada partnership can be model for clean energy transition - lokmattimes.com,2026-03-26,https://news.google.com/rss/articles/CBMiqwFBVV95cUxQb2VfeHlrem1SV29SN2loNURKbDVOS1JaZERpZV9EUUozODdWZEdSVWVpVnR4ZEljbjQxZkJ1VzFMMGhZbk93S2trV2dRZTY2U1NXQzBwLXN0aHFfV2pUalp0bGlLaHhISFlQdXBNazltWUFsZ1R4Vjl6OWhnUlptTXRqMDVMTnlDSEpHMTg1eUs1NTktNWhEQkVZOUFFQk1SZ3JpTGN3c2lLVk3SAbABQVVfeXFMTUIxUmFxdk5LcHBEUF9zS2NvYjBmR2xocGtTS2FXZ1VNQXp0VDFOQUt0WGdzcldHbV85ekV3LTBPMEIxVWtobkxvVXVaS01oR1hrcGR5dHFtZjlUU2NlR0NrWTdwX3RQTzZ6akN3SHQ4OW1pWTR2RWJOZlhoMkVINjBaLVpyNTJlTG9tZDNZaDZHNmpycmFFcUhQR3NPWXRIeXY3R0xTNDJjUjdVdWdycE8?oc=5,2026-03-28
GNews_ESI_Africa,非洲南部,Breaking down the energy economics of cost-reflective tariffs in South Africa - ESI-Africa.com,2026-03-26,https://news.google.com/rss/articles/CBMipAFBVV95cUxOOXA2dTN2bEV6aW1KdjR4bjNnTHF2dU1lZzFnR1g3NEM4SExELThPczFuOGx3Y0Z0S1RsWjVFUzFOcXBfbUhVZWhkeENET2NxNEo4RUwta0lXaTlMdUpoT3RCM1AwS0xvbTVxY2NUYlgtdXFDWUZwZXVhQVlGVjlFcTVxMFBMQnE4amxjZTNKUi1ZUGVlNEEwcm5pUHdJMFRFZTJvctIBrAFBVV95cUxOTXpCUkJiYnMxMFdzNnNwLVI1NmlZV21zeHVFOWhlN0E0NV8wUWxmbmNKZ0d6WVkweDNmYkZFNU1IRDRMV2l6VXlWcHc5VldjSVM0ZElYUW5GU2VaSmh0M2FXWFZKMU1WQTRNUkxIMWNZS3EwdGpmLThfSjJNSEF3R3RXbTZpdkd3d0FsdEdkUS1PNk1LTUZQa3NzU2tkQlpmRF9pTkdwS0xZQU9x?oc=5,2026-03-28
GNews_SouthAfrica,全球/其他,Trinasolar Presents Smart Energy Solutions and Project Milestones at Solar & Storage Live Africa - SolarQuarter,2026-03-26,https://news.google.com/rss/articles/CBMiywFBVV95cUxQRENiaHFaQjhiQlBFLXRMd3JxdTFnMzVwTGFBOXdXZmZHdnQ3dlNnbjE2aktrbzQ0SV9KNWY1SVl3UXB1QnZ1VEtDd0IyMTVHd2p5bURTNW1IaDFSNkh2aURubjlpMThwM1Q5Q0phMDVkblhUdGpwTmVrY2VxVlVCcGhuZDF6N1lUeEQ0b3JnZDRvX0tlZG56T0tKQ3BHZUhsU3JaZlY2VlZxRi10cFpXblpXZ2pEVUhiUzNQRE1nUmNKT0JnR25QUmZ0cw?oc=5,2026-03-29
GNews_SouthAfrica,全球/其他,"Chinese renewable energy giants shine at Africa's solar, storage expo - Xinhua",2026-03-26,https://news.google.com/rss/articles/CBMifEFVX3lxTE5ubFlsWkJqMHRYUUpNeGNMRmhDYWdzUGpySDhGYkpyMXRVcWxnc00yNnNGRDZBeUdINmdVd0Y5WEJCZUg1RHB3V0ZYUmUxYzc4ajFwRGdVY2EyeGV5NndXWjIxS0Q5U3pQTlowM09PbGkwbkNsX3p6cmJmWlI?oc=5,2026-03-29
GNews_StrategicEnergy,全球/其他,PM Anwar To Announce Strategic Energy Crisis Measures At 6.30 Pm - bernama,2026-03-26,https://news.google.com/rss/articles/CBMiYkFVX3lxTFBDNnl6Y2tPS0VoQUd1alR1RDMxbVlVZlg2ZjRSczNmaWdnNmtYZWN6cS1kcGptU2xOTUZINFp6bUVlSVFlam9ybDRIU1VwSERqWVFnVlJScnJSQVg1SE4wOVFR?oc=5,2026-03-29
GNews_StrategicEnergy,跨区域,"Spain and Algeria consolidate bilateral normalization with focus on energy, trade and regional stability - thediplomatinspain.com",2026-03-26,https://news.google.com/rss/articles/CBMi6AFBVV95cUxOVzZUbXgyUHNqWjN6M2ZNOU0wX1pCXy1JUUxwa3FrcUF1UzV0SlVQaG5ta2pzbjVMcm9ibl9oTF82X0J0TlBoZEdLYjJHQ3JhZWpqSE9WRVBxalgtSDVVbmRxWTRoQS1TbjZGbkQ2OWdXXzZZdVJoRXNxZlo0TkRLZ1NrTlMydFVyY2l3Y0tGMk5NeVcxUW9IYW9VMXAxOGZvTG9wcmlMVUxNaVRfeGdIc3RvRWo2U2o4MFF0Mm1yUXlQZXhub1c2RUpfdzdzYi1qRThNd1p3ci1tRHNteGdCV241VnFTckFG?oc=5,2026-03-30
GNews_StrategicEnergy,跨区域,Spain prepares vote on energy plan triggered by Middle East tensions - Strategic Energy Europe,2026-03-26,https://news.google.com/rss/articles/CBMixwFBVV95cUxQRVIxMWtOMG43bEtGVmN3MExGWWxObmpvRFNneHZaUFdjQ3JOelhRV2RwcmdLQ0MyaFVFVEQ4Zk44TGpFclRncUVPMXctOGVhMDRvRFBBVU56SXpnUU1RLTRHSWtUZkY3X0R2dmpfc3FZWU9PdGxQVERoZm9kUnhGUzdJbG1uc214VlUzVGJLZ1J3djhjZkFJSTJ2WVVObmZ6Ynd5R3VhRlQ2OFRRampmRHJaUl9jVENvYi1jNG5sNFJrTGg1dFJz?oc=5,2026-03-30
GNews_StrategicEnergy,全球/其他,PM Anwar To Announce Strategic Energy Crisis Measures At 6.30 Pm - bernama,2026-03-26,https://news.google.com/rss/articles/CBMicEFVX3lxTE5icUI1emdpdEpFRFlacVMtdkRxQjFlNGRycl9HRlM3VmVUeERjUUhQdHhjWXl1LVV2WlpSWnJhOVM4cERBMjUtRHFmU3duZXRIWjhsbzhTS3FxQ191M3psWXNfVHlYQ2hFdGEtazFpdl8?oc=5,2026-03-30
ESI_Africa,全球/其他,Water: Navigating a triple nexus &#8211; concept to scalable solutions,2026-03-26,https://www.esi-africa.com/industry-sectors/water/water-navigating-a-triple-nexus-concept-to-scalable-solutions/,2026-03-30
GNews_StrategicEnergy,拉丁美洲,Honduras’ state power utility chief calls for sweeping energy sector overhaul - Strategic Energy Europe,2026-03-26,https://news.google.com/rss/articles/CBMipwFBVV95cUxPcW5lTlRyVFNCcVk3WXViaDZFcFZrZnFLNTczMDhOT3FKZURqSHV5RHRpN1Q4Tlctb0g2WUlUOWpQQ00tOUhYZG5lQjlaWEc2VnEycUw2bDc5SHNVemFhcGQweFdkZFA3d19kZnRXZktfYW1xNDRtdXl6UGJqdEI5dHdpUzFCc2kwVWowTFFRQXdlY09tMGJSMzFQUkFQSGVUTm5OWjJPZw?oc=5,2026-03-31
GNews_SouthAfrica,全球/其他,Africa’s solar explosion: 10 countries smashing records - Gulf News,2026-03-26,https://news.google.com/rss/articles/CBMipAFBVV95cUxPR0F5X2hYV3RaVjV3QjBtNE9FcmVzUnhMQjdWS2dKNV9qdnFFT0txYVJ3VzJWZzg2c1ZJbG1xV0w1NW5XSWZrUE5od1NrNlMtX1k1MFRIY0tyRl9JSElOb1lPTWFHQXdtR2dMTFhYcFQ2WjhueXlkS2tyOW14VUFVU2J6M3BtTlljTk9SNThUMFhoNFRva1JuZFZxZ09nbjJrQjhLeA?oc=5,2026-04-01
